title,customUrl,subscriberCount
Programming with Mosh,programmingwithmosh,2540000
freeCodeCamp.org,freecodecamp,5730000
neonlearn,neonlearn,9950
Programming with Mosh,programmingwithmosh,2540000
TechWorld with Nana,techworldwithnana,545000
Bro Code,brocodez,458000
Telusko,telusko,1720000
Amigoscode,amigoscode,365000
NetworkChuck,networkchuck,2220000
CS Dojo,csdojo,1830000
freeCodeCamp.org,freecodecamp,5730000
edureka!,edurekain,3370000
Kevin Stratvert,kevinstratvert,1410000
Python,none,40100
freeCodeCamp.org,freecodecamp,5730000
Namanh Kapur,namanhkapur,49800
freeCodeCamp.org,freecodecamp,5730000
NetworkChuck,networkchuck,2220000
freeCodeCamp.org,freecodecamp,5730000
Apna College,apnacollegeofficial,1800000
howCode,howcodeorg,80000
Programming with Mosh,programmingwithmosh,2540000
freeCodeCamp.org,freecodecamp,5730000
Python Engineer,pythonengineer,143000
NetworkChuck,networkchuck,2220000
Хауди Хо™ - Просто о мире IT!,howdyhonet,1750000
freeCodeCamp.org,freecodecamp,5730000
Cinecurry Hollywood,cinecurryhollywood,848000
Tina Huang,tinahuang1,336000
mCoding,mcodingwithjamesmurphy,119000
freeCodeCamp.org,freecodecamp,5730000
freeCodeCamp.org,freecodecamp,5730000
Tech With Tim,techwithtim,999000
Internet Made Coder,internetmadecoder,74200
NetworkChuck,networkchuck,2220000
MovieGasm.com,none,1980000
小雨在烦恼什么,none,2020
Nour Homsi,nourhomsi,671000
Python,none,40100
Coding with Lewis,codingwithlewis,108000
King Lion,none,333000
Devslopes,devslopes,167000
CodeWithHarry,codewithharry,2870000
Cambodia Wilderness survival life,none,46600
Fireship,fireship,1370000
Duraan Ali,duraanali,22200
codeitup,codeitup,109000
Corey Schafer,coreyms,938000
Tech With Tim,techwithtim,999000
ArjanCodes,arjancodes,91900
JayPrehistoricPets,jayprehistoricpetstv,3630000
codeitup,codeitup,109000
A2 Capacitación: Excel,a2capacitacionexcel,688000
Afternerd,afternerd,16000
Brian Barczyk,brianbarczyk,3580000
Programmieren lernen,programmierenlernen,72500
PythonToday,pythontoday,122000
Brototype Malayalam,brototypemalayalam,203000
CodeWithHarry,codewithharry,2870000
Quick Support,quicksupport,5760000
Docstring,docstring,47400
mCoding,mcodingwithjamesmurphy,119000
edureka!,edurekain,3370000
freeCodeCamp Español,freecodecampespanol,102000
ProgrammingWithHarry,programmingwithharry,167000
Washera,none,none
Gian's Tech,itutorialgv,49000
FHigh Music,fhighmusic,30300
ArjanCodes,arjancodes,91900
Fish King TV,none,none
Learn Coding,learncodingofficial,932000
Андрей += Пронин,andypronin,9040
キノコード / プログラミング学習チャンネル,kinocode,146000
freeCodeCamp.org,freecodecamp,5730000
JayPrehistoricPets,jayprehistoricpetstv,3630000
Tina Huang,tinahuang1,336000
luchanos,luchanos,5310
La Geekipedia De Ernesto,ernestoperezm,568000
Jak nauczyć się programowania,jaknauczycsieprogramowania,50800
Logic First Tamil,logicfirsttamil,51900
Tech With Tim,techwithtim,999000
GrandmaCan -我阿嬤都會,grandmacan我阿嬤都會,106000
Engineer Man,engineerman,508000
PyLounge - программирование на Python и всё о IT,none,19200
Kelas Terbuka,kelasterbuka,286000
Tech With Tim,techwithtim,999000
Corey Schafer,coreyms,938000
Payilagam,payilagamtraining,113000
Programming with Mosh,programmingwithmosh,2540000
程序员小飞,none,61000
Swati Chawla,swatichawlaofficial,52200
Telusko,telusko,1720000
Диджитализируй!,диджитализируи,116000
La Samba Africaine TV,lasambaafricainetv,1590000
Código Fonte TV,codigofontetv,458000
Victor Robles WEB,victorroblesweb,273000
WsCube Tech,wscubetechjodhpur,1260000
Python Arabic Community,pythonarabiccommunity,158000
mCoding,mcodingwithjamesmurphy,119000
PyMike,pymike,30700
